"The group's theatrics are influenced by Kiss, David Bowie and Alice Cooper, but a member said they are more influenced by Pink Floyd.",1
"the project's Facebook page, Campbell cites Bright Eyes, The Mountain Goats, The New Amsterdams, Lucero, The Weakerthans, and Kind of Like Spitting as influences.",1
"Voivod's influences include Béla Bartók, Igor Stravinsky, Dimitri Shostakovich, Yes, Einstürzende Neubauten, GBH, Genesis, Hawkwind, Judas Priest, Killing Joke, King Crimson, Motörhead, Sodom, Nektar, Pink Floyd, Ramones, Rush, Van der Graaf Generator, Venom and UFO.",1
"Gerard Way said to Rolling Stone, we love bands like Queen, where it's huge and majestic, but also bands like Black Flag and the Misfits, who would go absolutely crazy.",1
" Way has stated that the band is heavily influenced by Queen, Misfits, Black Flag, Iron Maiden, The Cure, Joy Division, Bauhaus, Siouxsie and the Banshees, and The Smiths/",1
Morrissey.,1
"Way has also said that his band patterns their career after that of The Smashing Pumpkins, another band they admire.",1
Frank Iero cites the punk band Lifetime as a big influence.,1
"My Chemical Romance's other influences include The Stooges, Ramones, Sex Pistols, The Clash, Minor Threat, Nirvana, and Operation Ivy.",1
"As a teenager listening to psychedelic records, XTC leader Andy Partridge was particularly fond of Pink Floyd's See Emily Play (1967), Tomorrow's My White Bicycle (1967), and the Moles'",1
"Other diverse musical influences include the Irish band U2, the British band Oasis, the Japanese pop music artists Mr. Children, Sting as well as the Taiwanese rocker Wu Bai and China Blue.",1
"They drew inspiration from musicians such as The Eagles, The Police, The Carpenters, Simon and Garfunkel and Fleetwood Mac, which Sharon said in an interview with CNN is the reason our songs are very, very melodic and [harmonious].",1
"They frequently cite AC/DC as an influence on their formula of maintaining a specific style, with Casey once saying I think our goal is to be the AC/DC of Celtic punk rock.",1
"Al Barr commented We've always said we're like the Ramones or AC/DC with what we do; if it ain't broke, don't fix it.",1
"City also has been compared to The Postal Service, often critically, for his combination of fuzzy synths, ironic lyrics and use of female guest singers.",1
"In response to the suggestion that his work is derivative, Young suggested in a 2009 interview with The New York Times that Ocean Eyes is perhaps the next chapter after The Postal Service: The Postal Service released a record in 2003, and that was it.",1
"The plodding tempos and distorted, detuned guitar work is reminiscent of such post-punk outfits as Joy Division.",1
"When asked what the band's influences are in a 2000 interview, Scott Kelly stated: Mainly ourselves at this point, but our foundation ranges through Black Flag, Pink Floyd, Die Kreuzen, Amebix, Jimi Hendrix, King Crimson, The Melvins, Celtic Frost and, of course, Hank Williams.",1
"In 2007, Steve Von Till stated that lyrically he and Kelly are inspired by literature, alluding to writers such as Cormac McCarthy, Jack London, and Paul Bowles.",1
"Stabbing Westward has been compared often to Nine Inch Nails, but according to Alan Escher of AllMusic, the band owe more to the British synth poppers Depeche Mode than anyone.",1
Singer Christopher Hall's vocals have been compared to the vocals of Nine Inch Nails singer Trent Reznor.,1
"Stabbing Westward's influences include Ministry, Revolting Cocks, Nine Inch Nails, Depeche Mode, Soundgarden, The Cure, Bauhaus, The Sisters of Mercy, Joy Division, and Pearl Jam.",1
"In February 2007 a Scotsman journalist said: If Kraftwerk were the Elvis Presley of synth-pop, then Orchestral Manoeuvres in the Dark were its Beatles.",1
"The artists who have praised the band or cited them as an influence include Tears for Fears, Matthew Good, Radiohead, Doves, Elbow, Shearwater, M83, Bark Psychosis, The Notwist, Cedric Bixler-Zavala of the Mars Volta, Steven Wilson of Porcupine Tree, Storm Corrosion (a joint project between Opeth's Mikael Åkerfeldt and Porcupine Tree's Steven Wilson), Steve Hogarth of Marillion, Richard Barbieri of Japan and Porcupine Tree, and Death Cab for Cutie.",1
"Liam Howlett also cited The Bomb Squad, Public Enemy, and Rage Against the Machine as influences.",1
"And then I've grown up listening to Siouxsie and the Banshees, and The Cure.",1
"Sim is an avid fan of Aaliyah, with the band covering her song Hot Like Fire, while Croft enjoys Mariah Carey's music.",1
"The Orb's central figure, Alex Paterson, had early musical tastes and influences that included King Tubby, Alice Cooper, Prince, Kraftwerk, and T.Rex.",1
"Among these, Paterson cites Kraftwerk as one of the most important, claiming they created the foundation from which all modern dance music has been built.",1
"While with the band in Neuss, Paterson listened to Brian Eno's Music for Films while on LSD and watched the Ruhr steel works explode in the distance, noting that [t]he scene seemed to be taking place in the music as well.",1
"Along with Cluster and Kraftwerk, Paterson was also influenced by other German experimental music from Can and composer Karlheinz Stockhausen.",1
"Modulations calls Paterson's music a maximal version of Brian Eno's minimal ambience, though according to Paterson, Eno resents Paterson's use of his music as an influence.",1
"The Orb have often been described as The Pink Floyd of the Nineties, but Paterson has stated that their music is more influenced by experimental electronic music than progressive rock of the 1970s.",1
He has noted though that the Pink Floyd album Meddle was influential to him as a child in the 1970s.,1
"Halliday cited Patti Smith and Nico, qualifying them as marble giants, plus Siouxsie and the Banshees.",1
"electronic greats Stockhausen, John Cage, Kraftwerk, Brian Eno and Derrick May.",1
They cited Michael Jackson and Backstreet Boys as their musical influences.,1
The band has cited Deftones and Tool as its influences.,1
"They have been compared to a variety of bands from differing genres, such as nu metal ensembles like Linkin Park, gothic metal groups like Lacuna Coil, and symphonic metal acts like Nightwish and Within Temptation.",1
"Evanescence cite Pantera, Björk, Wolfgang Amadeus Mozart, Danny Elfman, Tori Amos, Nirvana, Portishead, Nine Inch Nails, Garbage, Joan Jett, and Plumb as influences. ",1
"Mudvayne's influences include Tool, Pantera, King Crimson, Genesis, Emerson, Lake & Palmer, Carcass, Deicide, Emperor, Miles Davis, Black Sabbath, and Rush.",1
"The website lists their influences as being Iron Maiden, Kiss, Metallica, Ozzy Osbourne and Pantera.",1
"Their primary musical influences as stated by the band members are Helmet, Tool, and The Cure.",1
"Chevelle has frequently been compared to Tool throughout its career, specifically when the band released its music video for Mia featuring a claymation doll throughout the video, much like the Tool music video for Sober or Prison Sex.",1
"Pete Loeffler's singing voice was stated to sound a tiny bit like that of Tool's Maynard James Keenan, and the band's music has been compared to Tool's dark tone of music.",1
"Despite comparisons to Tool, many critics such as Andree Farias and Andy Argyrakis of Christianity Today and Robert Rich of The Daily Texan have stated Chevelle as having a unique sound to their music.",1
"The Daily Texan described their music as a kind of controlled chaos, a beautiful darkness, a gentle rampage of aural velocity, and drew away from the band's comparisons to Tool by stating",1
"Tool have always embraced their experimental side and released scathing social commentaries and criticisms, while Chevelle write radio-friendly tunes with subtly deep meanings, but with overtones easily grasped by any listener.",1
"The band's primary influences include Aerosmith, Alice in Chains, Black Sabbath, Led Zeppelin, Metallica, Pantera and Rush according to Erna, Larkin, and Rombola.",1
The overall sound of the band's first two albums sound similar to the sound of the Alice in Chains,1
"However, Godsmack has attempted to distance themselves from the Alice in Chains comparison with Erna stating in an interview with Matt Ashare, I've just never really heard that in our music.",1
band's music is often compared to Alice in Chains which the band cites as an influence.  ,1
"and, The band's music is a faithful retread of Jerry Cantrell's churning, tuned-down hard rock.",1
"She also commented on the band's third album Faceless, which mixes arena rock in the vein of an Alice in Chains, riff-heavy, layered tunes and sharp, confident bridge-burning lyrics.",1
"Erna's singing style has been stated as the snarl of James Hetfield, and composed of dark harmony that sounds a lot like Alice in Chains.",1
"They are influenced by bands such as Mr. Bungle, Faith No More, Pink Floyd, Pantera, Nine Inch Nails, and KMFDM.",1
"Limp Bizkit's influences include The Jesus Lizard, Tomahawk, Dave Matthews Band, Portishead, Mr. Bungle, Sepultura, Ministry, Prong, Tool, Primus, Pantera, Minor Threat, Angry Samoans, Black Flag, the Fat Boys, the Treacherous Three, the Cold Crush Brothers, Urban Dance Squad, Rage Against the Machine, and Korn.",1
"Sevendust's influences include Metallica, Anthrax, Testament, Ozzy Osbourne, Pantera, Van Halen, Steve Vai, Iron Maiden, Ronnie James Dio, Nine Inch Nails and Suicidal Tendencies.",1
"Critics noted that the band's sound, especially the sound of the band's album Through the Eyes, sounded as if it had been influenced by rock band Tool.",1
"Static-X's influences include The Crystal Method, The Prodigy, Prong, Pantera, Ministry, Korn, the Sisters of Mercy, the Chemical Brothers, Joy Division, Kiss, Mortician, and Crowbar.",1
"The band's influences include Faith No More, Social Distortion, Metallica, Red Hot Chili Peppers, Wu-Tang Clan, Fugees, Refused, Queen, and Led Zeppelin.",1
"No More's Mike Patton and Social Distortion's Mike Ness as major influences, stating that the way that I sing, I definitely was inspired by Mike Patton, ",1
"The band's legacy has been compared to alternative rock group Radiohead, with some dubbing Deftones The Radiohead of metal.",1
"Deftones' influences include Afrika Bambaataa, The Cure, Depeche Mode, and Duran Duran.",1
"The band has been compared to bands/artists such as Ministry, Skinny Puppy, Nine Inch Nails, Marilyn Manson, KMFDM, Bile, Dope, Rob Zombie, Rammstein, and Tool.",1
"Of Mice & Men's influences include bands such as Alice in Chains, Deftones, Korn, Incubus, Limp Bizkit, Linkin Park, Papa Roach, P.O.D., Rage Against the Machine, Slipknot, Staind and Tool.",1
"Musical style and influences Inspired from early heavy metal instrumentation, Rage Against the Machine has been influenced by a variety of music, including acts like Led Zeppelin, Bob Dylan, U2, the Red Hot Chili Peppers, Iron Maiden, Kiss, Ozzy Osbourne, The Police, Devo, Living Colour, The Brothers Johnson and Wayne Shorter.",1
"They are also said to be influenced by hip hop acts such as Afrika Bambaataa, Run-DMC, Public Enemy, and the Beastie Boys, punk rock such as The Clash, Minor Threat, The Teen Idles, Bad Brains, the Dead Kennedys, Black Flag, the Sex Pistols, Fugazi and Bad Religion, and crossover bands like Suicidal Tendencies and Urban Dance Squad.",1
"AllMusic critic MacKenzie Wilson thought that the band draws influences from grunge and heavy metal while absorbing the heavy rock sounds of Korn, Soundgarden, and Metallica.",1
"Coal Chamber's influences include Bad Brains, Metallica, Duran Duran, Fear Factory, The Cure, Machine Head, and Jane's Addiction.",1
"The band is influenced by Californian thrash metal bands such as Metallica, Exodus, Slayer and Testament, crossover thrash bands Suicidal Tendencies and Cro-Mags,",1
"groove metal bands Pantera, Exhorder, and Fear Factory, and grunge bands",1
"Their early albums Burn My Eyes and The More Things Change... show a groove metal and thrash metal approach, similar to bands like Pantera and Exhorder.",1
"P.O.D.'s influences include Boogie Down Productions, Run-DMC, U2, the Police, Bad Brains, Santana, Metallica, AC/DC, Suicidal Tendencies, Bob Marley, Primus, Earth, Wind & Fire, 24-7 Spyz, and Steel Pulse.",1
"Prior to finding mainstream success in the early 2000s, Incubus were often grouped in with the nu/alternative metal movement of the 1990s, alongside other Californian bands such as Korn and the Deftones.",1
"The Los Angeles Times similarly wrote in 2004 that Incubus always stood out from the rest of the mid-'90s alt-metal crowd, its positive lyrical approach and musical versatility far richer than the overworked wallowing in misery of such acts as Korn and later arrival Staind.",1
"influences include Faith No More, Mr. Bungle, Red Hot Chili Peppers, Alice in Chains, Ani DiFranco, Stone Temple Pilots, Primus, Fishbone, Suicidal Tendencies, Beastie Boys, Soundgarden, Rage Against the Machine, The Police and Jane's Addiction.",1
"We were listening to bands like Primus, Mr. Bungle, John Zorn, we also got into Soundgarden and Rage Against the Machine.",1
"Linkin Park's influences include Soundgarden, Alice in Chains, Pearl Jam, Stone Temple Pilots, Jane's Addiction, Nine Inch Nails, Ministry, Skinny Puppy, Machines of Loving Grace, Metallica, Refused, Minor Threat, Fugazi, Descendents, Misfits, Beastie Boys, Run-DMC, A Tribe Called Quest, Rob Base and DJ E-Z Rock, N.W.A, Public Enemy, KRS-One, Boogie Down Productions, Led Zeppelin, Rage Against the Machine, and the Beatles.",1
"Otep's influences include Slipknot, Slayer, Korn, Rage Against the Machine, The Notorious B.I.G., Nine Inch Nails, Jim Morrison, Tool, the Doors, Nirvana, and Deftones.",1
The band's influences include Faith No More and Primus.,1
"Their musical influences include The Cure, Depeche Mode, Black Sabbath, Tool, Radiohead, Korn and Deftones.",1
"Stapp's influences include Otis Redding, Donny Hathaway, Def Leppard, U2, The Doors, and Led Zeppelin.",1
"Guitarist Mark Tremonti's influences include thrash metal bands like Slayer, Metallica, Exodus, and Forbidden. ",1
"311's influences include The Clash, The Cure, Descendents, Red Hot Chili Peppers, Cypress Hill, De La Soul, A Tribe Called Quest, Led Zeppelin, Bob Marley, Fishbone, and Bad Brains.",1
"In This Moment cite Pantera, Black Sabbath, Metallica, Slayer, Sepultura, Iron Maiden, Judas Priest, Whitesnake, Ratt, Mötley Crüe, Deftones, Nirvana, Dead Can Dance, and M83 as their influences.",1
"Their influences include '70s metal and rock bands, including Black Sabbath, The Velvet Underground, Pink Fairies and Thin Lizzy, as well as progressive rock and jazz fusion bands like King Crimson and Mahavishnu Orchestra.",1
"The band has cited Stone Temple Pilots, Otis Redding, Pink Floyd, and Iron Maiden as influences.",1
"Primary songwriter, Brent Smith, has also counted Chris Cornell, Etta James, Ella Fitzgerald, The Doors, Soundgarden, and Metallica among his influences.",1
"The record's heavy use of drum machine was influenced by the sounds of Ministry and Big Black; Patrick's other influences during Filter's early career included Pantera, Skinny Puppy, Butthole Surfers, Helmet, Soundgarden and Deftones, as well as the drop D tuning.",1
2016's Crazy Eyes marked a sharper return to the industrial sound with Patrick's rediscovery of his appreciation for industrial acts such as Skinny Puppy and Ministry; he has referred to the sound on the record as new industrial.,1
"Anthrax was influenced by classic rock artists on its Anthems EP, which includes covers of 1970s bands Rush, Cheap Trick, AC/DC, Kiss, Queen, Thin Lizzy, Boston and Journey.",1
"The band has also been influenced by punk bands such as D.R.I., Suicidal Tendencies, Bad Brains, the Ramones, the Sex Pistols, the Dead Kennedys, Black Flag, Agnostic Front, the Misfits, the Exploited and Discharge, and  heavy metal bands like Black Sabbath,  Judas Priest, Accept, Anvil, Iron Maiden, Motörhead, UFO and Saxon.",1
"Soundgarden are quite good... remarked Black Sabbath's Tony Iommi, It's very much like the same sort of stuff that we would have done.",1
"The influence of Led Zeppelin was evident, with Q magazine noting that Soundgarden were in thrall to '70s rock, but contemptuous of the genre's overt sexism and machismo.",1
"According to Sub Pop, the band had a hunky lead singer and fused Led Zeppelin and the Butthole Surfers.",1
The band also mentioned Metallica Gothicism and sublime poetry.,1
"Black Sabbath also had a huge impact on the band's sound, especially on the guitar riffs and tunings.",1
"Their 2001 work Lateralus was compared by Allmusic to Pink Floyd's Meddle (1971), but thirty years later and altered by Tool's impulse to cram every inch of infinity with hard guitar meat and absolute dread.",1
"These elements endured during their tenure with Chucky Mosley, with AllMusic comparing their first album to early Public Image Ltd works, and Mosely's vocals drawing comparisons to  Bauhaus lead singer Peter Murphy and H.R. of Bad Brains.",1
"addition to the band's subsequently more apparent metal influences, like Black Sabbath and Ozzy Osbourne, Bordin acknowledged many gothic rock and post-punk bands as early influences, including Siouxsie and the Banshees, The Cure, Psychedelic Furs, Echo and the Bunnymen, Killing Joke, Public Image Ltd, and Theatre of Hate.",1
"Initially starting out as a hardcore punk act, its sound eventually started to absorb influences by Black Flag's mix of punk and metal on their My War and Slip It",1
"In albums, the Butthole Surfers, slow punk acts like Flipper and the Wipers, industrial music pioneers Throbbing Gristle and also by hard rock and metal bands such as Kiss and Alice Cooper.",1
"Though the band are often compared to Black Sabbath, Buzzo has stated that his guitar playing is more influenced by Black Flag.",1
"The band cited bands such as Van Halen, Marilyn Manson, Korn, Metallica, Pantera, Cannibal Corpse, Nile, Carcass, At the Gates, Acid Bath, and Testament as their influences.",1
", Today Is the Day, Placebo, Far, Weezer, Orgy, Fear Factory, Hole, Tura Satana, Human Waste Project, Babes in Toyland, Misfits, Blondie, and Nasum as influences.",1
"Rankin's personal influences include The Magnetic Fields, Teenage Fanclub, Dolly Mixture, the Smiths, Celine Dion, Pavement, the Primitives, and Oasis.",1
Musical style and influences Their music has been likened to Sinéad O'Connor and Siouxsie and the Banshees.,1
Then over the years there were artists like Sinéad O'Connor and Siouxsie from Siouxsie and the Banshees and even Peter Harvey was doing it.,1
"O'Riordan was influenced by Gregorian chant, Irish folk music, classical piano, listening to Duran Duran, The Cure, Depeche Mode, and The Smiths.",1
"Lawler, Mike and Noel Hogan, were inspired by The Cure, Joy Division, Echo & the Bunnymen, Siouxsie and the Banshees, The Clash, and The Smiths.",1
"Noel Hogan stressed that at their beginnings, All these roads led to The Smiths, who became very big in our lives later on.",1
"Elbow have cited a number of influences on their music, including Genesis (in particular the progressive rock years featuring Peter Gabriel and Steve Hackett), Talk Talk and Radiohead.",1
I learned to write harmonies by listening to Peter Gabriel.,1
Garvey has also said there'd be no Elbow without Radiohead.,1
"He credits the band's sense of dynamics to the influence of Talk Talk and has said: Volume dynamics are an essential part of classical music, but a lost art with guitar music.",1
"Spacemen 3 were adherent's to the minimal is maximal philosophy of Alan Vega, singer for the American duo Suicide who were known for their ominously repetitive music.",1
No. 23.Kember was a keen record collector from the age of 11 or 12; some of the first records he purchased included albums by The Velvet Underground.,1
"When I was 14, I bought The Stooges' Raw Power and I listened to nothing but that for a year.",1
"Spacemen 3's early gig posters would often make explicit references to their sound being inspired by The Stooges, The Velvet Underground and The Rolling Stones.",1
"In 1988, Kember said, Groups like Suicide or the MC5 are like my favorite stuff in the world.",1
"Pierce said, Early on, we were listening to The Stooges, then came Suicide, then we'd start listening to Sun Ra, and pick up on all these lateral threads that ran between them.",1
"In addition to the Protopunk of New York's The Velvet Underground and Suicide, and Detroit's The Stooges and MC5, Kember's and Pierce's musical influences included: US 1960s",1
"Psychedelic rock, such as The Thirteenth Floor Elevators; US 1960s Garage rock; 1960s British Invasion bands; Rock n' Roll; Buddy Holly; Surf music; The Beach Boys; early, seminal Electronic music, e.g. Silver Apples, Delia Derbyshire and Laurie Anderson; Krautrock; The Gun Club, The Cramps and Tav Falco's Panther Burns; early Chicago blues, e.g. Bo Diddley, John Lee Hooker, Muddy Waters and Howlin' Wolf; early Delta blues; gospel and early Staple Singers; Otis Redding; the production techniques of Brian Wilson, Joe Meek and Phil Spector; and the avant-garde jazz and free jazz of Sun Ra and John Coltrane.",1
"The Stooges, MC5, The Thirteenth Floor Elevators, Roky Erikson, The Red Krayola, Glenn Campbell (of The Misunderstood), The Velvet Underground, Lou Reed, Suicide, Bo Diddley, The Rolling Stones, The Troggs, The Yardbirds, and The Sonics.",1
"Spacemen 3 performed an instrumental song live with a pronounced Bo Diddley style rhythm, dubbed Bo Diddley Jam.  ",1
The Spacemen 3 song Suicide was a clear acknowledgement of one of their influences:,1
when performed live it was usually introduced as this song is dedicated to Martin Rev and Alan Vega – Suicide.,1
"In an interview with BBC London, they cited Talking Heads as a major influence.",1
"White Lies' darker sound has been primarily compared to Joy Division, Interpol and Editors, as well as Arcade Fire, The Killers, Echo & the Bunnymen, Tears for Fears and The Teardrop Explodes.",1
"we've never really been that into Joy Division, especially not the Editors...or even Interpol really, adding I don't think our music sounds a whole lot like those comparisons",1
"As White Lies, the band have reiterated the influence of Talking Heads, both musically and in songwriting.",1
"The Stone Roses' influences included garage rock, electronic dance music, Krautrock, Northern soul, punk rock, reggae, soul and artists such as the Beatles, the Rolling Stones, Simon and Garfunkel, the Smiths, the Byrds, Jimi Hendrix, Led Zeppelin, the Jesus and Mary Chain, Sex Pistols and the Clash.",1
"In December 1981, Dave Gahan of Depeche Mode named the Banshees as one of his three favourite bands along with Sparks and Roxy Music.",1
"As a band, they have before claimed to be heavily influenced by Pavement, Modest Mouse, Guided By Voices, Blur, The Beautiful South, Xiu Xiu, Broken Social Scene, Built To Spill, Yo La Tengo, Sonic Youth, Pulp, Belle & Sebastian, The Magnetic Fields, Joy Division and The Smiths, amongst others.",1
Audioslave's first two albums drew influences from 1970s hard rock and heavy metal such as Led Zeppelin and Black Sabbath and from the members' previous bands (the grunge sound of Soundgarden and the funk metal sound of Rage Against the Machine).,1
"The members of Weezer have listed influence including them Kiss (with direct references in the song In the Garage), Nirvana, the Pixies, the Cars (whose member Ric Ocasek produced several Weezer records), Pavement, Oasis, the Smashing Pumpkins, Green Day and Wax.",1
"AllMusic's Heather Phares cites Bob Dylan, Billie Holiday, Jeff Buckley, and The Velvet Underground as influences for the band's blues rock-influenced indie rock sound.",1
"The band has identified other major influences as Fiona Apple, Nick Cave, Led Zeppelin, Radiohead, The Smiths, U2, and Tom Waits.",1
"In their early days, the band's lo-fi sound was compared to Pavement.",1
"The band has also been compared to Radiohead (even described as the next Radiohead in 2001), Weezer, The Flaming Lips and Elliott Smith.",1
"With Sumday, the band was compared to the Electric Light Orchestra and The Alan Parsons Project.",1
"Lytle has cited both The Beatles and E.L.O. as influences, stating in 2003: I'm completely in tune with E.L.O. and Jeff Lynne – I know that guy like the back of my hand.",1
 Lytle's vocals have drawn comparisons with Neil Young.,1
The Velvet Underground and Jonathan Richman have been identified as key influences.,1
"His style also resembled Neil Young's, but Mascis disputed this, and later commented: That got annoying, being compared all the time.",1
"According to Tweedy, It was eye-opening that I wasn't the only person that felt like these worlds had a lot more in common than they'd been given credit for—that experimentation and avant-garde theory was not directly opposed to beauty, y'know?Other recording artists from that timespan appreciated by the band include John Lennon, Neil Young, and Brian Wilson.",1
"The band shares a strong interest in a wide variety of bands, from pop and rock such as the Beatles, the Beach Boys, Squeeze, and the Cars, to more contemporary acts such as Weezer, Lifetime, Ride, Pearl Jam, Foo Fighters, Archers of Loaf, Green Day, Sunny Day Real Estate, Neutral Milk Hotel, U2, Nirvana, Oasis, Descendents, Kevin Devine, Saves the Day, Radiohead, and the Buzzcocks.",1
"TV on the Radio has said that their eclectic music is due to their liking of very diverse bands, including Bad Brains, Earth, Wind & Fire, Nancy Sinatra, Serge Gainsbourg, Brian Eno, and the Pixies.",1
"Adebimpe covered the Pixies song Mr. Grieves under the TV on the Radio moniker at the beginning of his career, layering his voice over forty times.",1
"The New York Times concert review mentioned the Breeders, Stereolab, disco rhythm, krautrock, Sonic Youth",1
"Dashboard Confessional's influences include Weezer, The Cure, Jawbreaker, R.E.M., Operation Ivy, the Smiths, Counting Crows, Morrissey, Paul Simon, Steve Earle, Sick Of It All, Green Day, Elvis Costello, The Promise Ring, Sunny Day Real Estate, Mineral, Fugazi, Minor Threat, Descendents, Guy Clark, and the Beach Boys.",1
"No More, Mr. Bungle), Brian Wilson and the Beach Boys, Hank Williams Sr., Johnny Cash, Radiohead, Bjork, and Secret Chiefs 3 among his major influences.",1
Singer Victoria Legrand's vocals have often been compared to those of Nico.,1
Some music outlets have also compared Legrand's vocals to 1980s psychedelic rock vocalist Kendra Smith of the band Opal.,1
"The group's influences include This Mortal Coil, Cocteau Twins, The Zombies, Brian Wilson, Françoise Hardy, Neil Young, Big Star, Tony, Caro and John and Chris Bell.",1
"The band's array of influences mostly include alternative indie rock bands Superchunk, Jawbox, Sunny Day Real Estate, the Flaming Lips, Fugazi, and Pavement.",1
"Additional artists that inspired the band includes Braid and The Rentals, Elvis Costello, Pixies, Tom Waits, Ben Folds, the Weakerthans, Poster Children, the Carpenters, and the Cardigans.",1
"AllMusic additionally credits bands such as Weezer and the Get Up Kids as influences, among others.",1
Our influences are more based on '90s bands like Superchunk and early Weezer.,1
"The band's influences include: Bush, Collective Soul, Creed, Foo Fighters, Guns N'",1
"Roses, Kiss, Nickelback, Nirvana, Soundgarden, The Rolling Stones, Led Zeppelin, Aerosmith, Rainbow, Bob Seger, Ozzy Osbourne, Def Leppard, Bon Jovi, AC/DC, and Mötley Crüe.",1
" Taking Back Sunday's influences include the Beatles, Tom Petty and the Heartbreakers, Dag Nasty, The Get Up Kids, The Promise Ring, Bad Brains, Quicksand, AC/DC, Iron Maiden, Celtic Frost, Sunny Day Real Estate, Kreator, Nirvana, and Radiohead.",1
"Sanchez has several times stated he is envious of his father's era of music, and that the band is influenced by groups of that era, such as Led Zeppelin, Pink Floyd, The Police, Queen, and Thin Lizzy.",1
"Apart from these roots, Sanchez also acknowledges an eclectic array of influences, including post-hardcore group At the Drive-In, and heavy metal pioneers Iron Maiden.",1
"Many draw similarities between Rush and Coheed and Cambria, but Josh Eppard stated in an interview that neither he nor the other band members were Rush fans or influenced by Rush.",1
They began listening to Rush after their second album.,1
"Pearl Jam has cited many punk rock and classic rock bands as influences, including The Who, Led Zeppelin, Neil Young, Kiss and the Ramones.",1
" Gossard's rhythm guitar style is known for its sense of beat and groove, while McCready's lead guitar style, influenced by artists such as Jimi Hendrix, has been described as feel-oriented and rootsy.Pearl",1
The band has been compared to The Hollies due to their vocal harmonies and Big Star due to their songwriting.,1
"According to program director Robert Benjamin, Benji Madden told him Good Charlotte wanted to be a combination of the Backstreet Boys and Minor Threat.",1
"Good Charlotte cite Beastie Boys, Minor Threat, the Clash, the Sex Pistols, Rancid, blink-182 and Green Day as their influences.",1
"Their music also has some influences of folk, R&B, hip hop and EDM.Dan Reynolds cites Arcade Fire, Nirvana, Muse, The Beatles, Paul Simon, Coldplay, Linkin Park, Harry Nilsson, and U2 as some of his and the band's artistic influences.",1
"Urie has cited bands/artists such as Frank Sinatra, Queen, David Bowie, Weezer, Green Day and My Chemical Romance as his biggest influences.",1
"Some of the group's influences are Indian Summer, Swing Kids, Fugazi, Sunny Day Real Estate",1
"(referred to by Ward as Fugazi beyond Fugazi), Bad Brains, and the Gravity Records-led post-hardcore sound of the 1990s that featured acts such as Antioch Arrow and Heroin.",1
"In their last period before their initial breakup, the biggest influences of At the Drive-In included bands such as Drive Like Jehu and The Nation of Ulysses, with frontman Bixler-Zavala going on to say that there would be no Relationship of Command without Drive Like Jehu.",1
"This Night Has Opened My Eyes by The Smiths and Take Up Thy Stethoscope and Walk by Pink Floyd, both included in the 2004 compilation",1
"Their name was taken from the fact that Bad Brains took their name from the Ramones' song Bad Brain (from Road to Ruin), and Bixler-Zavala liked the Bad Brains' song title At the Movies (track featured in Rock for Light); while Ward liked at the drive-in, and his suggestion would eventually win out.",1
Both Freeman and Melchiondo have stated several times that one of the band's biggest influences was Prince.,1
"The GodWeenSatan track L.M.L.Y.P. borrows lyrics from two Prince songs, Alphabet St. and Shockadelica.",1
"Additionally, on rare occasions, Ween has jammed on Prince's Kiss, placing it in the middle of Voodoo Lady during live performances.",1
"Other Prince songs covered in concert by Ween include 1999, Housequake, and Purple Rain.",1
"In 2012, Melchiondo remarked on his website that by far, hands down the greatest living guitarist in any genre is Prince Rogers Nelson.",1
Prince does so many things well,1
"stated influences include The Beatles, Parliament-Funkadelic, the Butthole Surfers, Pink Floyd, the Dead Kennedys, Laurie Anderson, The Allman Brothers Band, James Brown, Devo, and Earth, Wind and Fire.",1
"In concert, Ween has frequently covered songs by David Bowie, Led Zeppelin, Grateful Dead, Neil Young, Motörhead, Van Halen, The Doors, Frank Sinatra, and Billy Joel.",1
"Because of Ween's wide variety of styles and humorous lyrics, they have often been compared to Frank Zappa.",1
at the Frank Zappa Day Festival in Baltimore in September 2011.,1
"Specific artists whom OneRepublic have cited as influences include Wolfgang Amadeus Mozart, the Beatles, U2, M83, and Prince.",1
"Green Day's sound is often compared to first wave punk rock bands such as the Ramones, The Clash, The Dickies, and the Buzzcocks.",1
"Billie Joe Armstrong has mentioned that some of his biggest influences are seminal alternative rock bands Hüsker Dü and the Replacements, and that their influence is particularly noted in the band's chord changes in songs.",1
Green Day has covered Hüsker Dü's,1
"Among other influences, Green Day have also cited the Kinks, the Who and power pop pioneers Cheap Trick.",1
Green Day has cited Operation Ivy as a big influence.,1
"In August 1996, Billie Joe Armstrong told Guitar World he can remember a few different instances of when he first discovered punk rock: There were these two guys who introduced me to things like D.O.A. and the Dead Kennedys.",1
"Although Green Day has been compared to the Buzzcocks, the Ramones and the Clash, Mike Dirnt said he had never heard the Buzzcocks when Green Day began.",1
Armstrong referred to the Dickies as just another Ramones rip-off.,1
"Although in August 1996, Armstrong said bands like the Ramones are bands he listened to later,",1
"in June 2010, Armstrong cited the Ramones as an influence.",1
He also said his range of favorite songwriters goes anywhere from the Sex Pistols to Lennon–McCartney.,1
"During the American Idiot and 21st Century Breakdown era of Green Day, the band was influenced by The Who, U2, Motown albums, and musicals such as Grease.",1
"The Offspring's influences include The Dickies, the Sex Pistols, The Misfits, T.S.O.L., Agent Orange, the Adolescents, the Ramones, The Clash, the Dead Kennedys and Suicidal Tendencies.",1
Almost a very literal anti-Avril Lavigne.,1
Seether is heavily influenced by American grunge groups such as Nirvana and Alice in Chains.,1
"Allmusic's Stephen Thomas Erlewine wrote Seether's lead singer/songwriter, Shaun Morgan, is an unabashed, unapologetic worshiper of Kurt Cobain, using Nirvana's sound as a template for Seether.",1
Seether have also been influenced by Deftones and Nine Inch Nails.,1
"Some of the band's influences include Elvis Presley, Johnny Cash, Metallica, AC/DC, and Social Distortion.",1
"The Living End consider themselves to be a rock 'n' roll band based on punk ethics, citing The Clash, Iggy Pop, The Who and The Jam as influences and bands with whom they share the same ideals, making a social commentary on what's going on around them.",1
"Allmusic's Stephen Thomas Erlewine reviewed their debut album, he noted their sound owes far more to the Ramones than it does to Eddie Cochran, or even the Clash, but they've cleverly appropriated certain rockabilly signatures – most ridiculously, the upright acoustic bass – that give their homage to the golden age of punk a bit of charm.",1
"Cheney regards 1950s rock 'n' roll, including Elvis Presley, as his greatest influence and first musical love which, along with 1980s rockabilly revival band Stray Cats, the band's sound was based on.",1
"Owen has said that his favourite bands include Stray Cats, Reverend Horton Heat, Midnight Oil, The Clash, The Jam, Green Day, Sublime, Bodyjar, The Brian Setzer Orchestra, Rancid, The Beatles and Supergrass.",1
"Owen regards Lee Rocker of Stray Cats as his main performance influence, mimicking the right hand movements of Rocker on the upright bass when he first learnt how to play.",1
Other rockabilly influences include Reverend Horton Heat and Eddie Cochran Their rockabilly influences were tempered by exposure to differing forms ,1
"their sophomore effort pulls toward their Aussie rock roots (AC/DC, Rose Tattoo) and a touch of British class for an eager",1
Allmusic's Hal Horowitz found that by State of Emergency the group takes its Stray Cats strut and Reverend Horton Heat bluster and continues to channel it into a more commercially viable pop/punk sound ...,1
"They have cited influences including Rage Against the Machine, Metallica, Slayer, Iron Maiden, the Offspring, Faith",1
"No More, the Dillinger Escape Plan, Hatebreed and Killswitch Engage.",1
"The Dangerous Summer, Kings of Leon, Blink-182,",1
"The Wonder Years, The Strokes, and La Dispute on their Facebook.",1
"Along with Blink-182, All Time Low, Red Hot Chili Peppers, and The Dangerous Summer mentioned in their interview with Beers with the Band on YouTube.",1
"Airbourne's influences include AC/DC, Bad News, Def Leppard, Iron Maiden, Judas Priest, Pantera, Thin Lizzy, The Angels, Spinal Tap, Status Quo, Motörhead, Metallica and Rose Tattoo.",1
"The band have cited rock acts such as Tool, Deftones, Soundgarden, Radiohead and Pearl Jam as influences on the band, while also crediting electronic artists such as Massive Attack, Nine Inch Nails and UNKLE.",1
"They cited artists/bands such as King Crimson, Led Zeppelin, Pink Floyd, Can, Captain Beefheart, Frank Zappa, Larry Harlow, Miles Davis, Fela Kuti, Ennio Morricone, Throbbing Gristle, Talk Talk, Black Flag, Brainiac, Björk, Roni Size, Jaga Jazzist and Aphex Twin as their influences.",1
"All Time Low cites bands such as Blink-182, Green Day, MxPx, New Found Glory, Saves the Day, and The Get Up Kids as influences.",1
Its song Whoa on the Whoas parodied The Misfits and The Offspring's frequent use of the word whoa in their songs.,1
"The band cites its influences as Bad Religion, Rich Kids on LSD, D.I., SNFU,  Operation Ivy, The Dickies, Descendents, Circle Jerks, Dead Milkmen, Ramones, Sex Pistols, Adrenalin O.D., Minor Threat, The Germs, Suicidal Tendencies, Black Flag, Dead Kennedys, The Adolescents, The Misfits, and Subhumans.",1
AllMusic described them as one of the first thrash acts to emerge from the Bay Area in Metallica's wake during the '80s.,1
"Members of Testament have cited major influences as The Beatles, Black Sabbath, Metallica, Exodus, Slayer, Anthrax, Megadeth, Judas Priest, Motörhead, Deep Purple, Rush, Diamond Head, Saxon, Alice Cooper, Tygers of Pan Tang, Iron Maiden, Accept, Rainbow, Dio, Led Zeppelin, AC/DC, UFO, Van Halen, Queensrÿche, Scorpions, Jimi Hendrix, Robin Trower, Armored Saint, Manowar, Mercyful Fate, Venom, Celtic Frost, Aerosmith, Pat Travers, Blue Öyster Cult, Kiss, Black Flag, The Ramones, The Sex Pistols, The Misfits, Savatage, Loudness, Raven and Anvil. ",1
"For example, Betts was into country music and the guitar work of Chuck Berry, while Trucks was largely into groups such as the Rolling Stones and the Grateful Dead.",1
"Duane and Gregg Allman grew infatuated with rhythm and blues in their teens, collecting records by James Brown, B.B. King, Sonny Boy Williamson, and Howlin' Wolf.",1
The band's music is a blend of styles from rockabilly to Beatles-influenced pop to Thelonious Monk-inspired jazz.,1
The Get Up Kids as an influence among many other bands.,1
"The Get Up Kids disbanded in 2005, Pete Wentz stated that Fall Out Boy would not be a band if it were not for The Get Up Kids.",1
"Wentz also cites Green Day, Misfits, the Ramones, Screeching Weasel, Metallica, Earth Crisis, Gorilla Biscuits and Lifetime as influences.",1
"After the All Out War EP, they developed an increasingly technical and heavier style, citing death metal bands Napalm Death, Bolt Thrower and Obituary as prime inspirations.",1
"When asked what ten bands inspired Earth Crisis over the years in a 2016 interview, Scott Crouse named DYS, Judge, Corrosion of Conformity, Agnostic Front, Slayer, Sepultura, Metallica, Conviction, Zero Tolerance and Iron Maiden.",1
"Among others, Weekes has named Marc Bolan, David Bowie, Oingo Boingo, Elvis Costello, The Ink Spots and Joe Jackson as musical influences on the band's sound.",1
"Hatebreed's influences include metal and hardcore bands such as Agnostic Front, Carcass, Celtic Frost, Earth Crisis, Entombed, Integrity, Killing Time, Obituary, Sepultura, Sheer Terror, and Slayer.",1
Rolling Stone described their music as idiosyncratic and inspired by the Afrocentric psychedelics of George Clinton and Sly Stone.,1
"The band's influences include Marilyn Manson, Kiss, Metallica, Pantera, Avenged Sevenfold, Mötley Crüe, Poison, AFI, W.A.S.P., Rob Zombie, L.A. Guns, Aerosmith, Misfits, Dead Boys, The Damned, Slipknot, Dropkick Murphys, David Bowie, Queen, Twisted Sister, Def Leppard, Skid Row, Social Distortion, Rise Against, Billy Idol, Alice Cooper and Hot Water Music.",1
"The group lists Run-DMC, Michael Jackson, LL Cool J, N.W.A, Geto Boys, Tupac Shakur, Notorious B.I.G., X-Clan, Spice 1, Esham, Natas and Public Enemy as influences.",1
"Campbell, in a Let's Play with Achievement Hunter said that Motion City Soundtrack were a huge influence for the band.",1
"By 1986's Government Issue Stabb was moving in a more melodic direction influenced by the gothic rock of The Damned, and by 1988's Crash the group was at its most musically diverse.",1
"Picciotto and Canty eventually teamed up with bassist Joe Lally and former Minor Threat, Skewbald/Grand Union, Egg Hunt, and Embrace singer Ian MacKaye (co-owner of the band’s label, Dischord Records) in Fugazi.",1
"Other influences include: Dark Tranquillity, Minor Threat, Earth Crisis, Bad Brains, Black Flag, Government Issue, Scream, Shadows Fall, Bleeding Through, Eighteen Visions, Every Time I Die, Entombed, Dismember, Sacrilege, The Crown, Metallica, Megadeth, Slayer, Anthrax, Iron Maiden, Dream Theater, Carcass, Arch Enemy, Killswitch Engage, Sick of it All, Dead Kennedys, Soilwork, Danzig, Venom, Exodus, Discharge, Cro-Mags, Integrity, Edge of Sanity, Mayhem, Emperor, Ulver, Testament, Death Angel, Pantera, and Cannibal Corpse.",1
"They have also mentioned Manu Chao, Fugazi, Zvuki Mu, Karamelo Santo, Sasha Kolpakov and The Clash as influences. ",1
"Lester Bangs heard in Television's music the influence of Quicksilver Messenger Service, noting a similarity between Verlaine's guitar playing and John Cipollina's.",1
"In 1992, Rykodisc generated further interest in the band when it reissued Third/Sister Lovers and released a posthumous compilation of Bell's solo material, I Am the Cosmos.",1
"Rolling Stone includes #1 Record, Radio City and Third/Sister Lovers in The 500 Greatest Albums of All Time and September Gurls and Thirteen in The 500 Greatest Songs of All Time.",1
I'm in Love with a Girl from Radio City features in the soundtrack of the 2009 film Adventureland. ,1
I'm in Love with a Girl on their 2015 release,1
"As I Lay Dying's influences include In Flames, Living Sacrifice, Iron Maiden, Slayer, At the Gates, Pantera, Megadeth, Fear Factory, Cannibal Corpse, Thin Lizzy, Shai Hulud, Dark Tranquility, Metallica, Judas Priest, and Earth Crisis.",1
"The band cites their influences to include Fugazi, Melvins, Bikini Kill, KARP, Unwound, Sonic Youth, Led Zeppelin, Rush, Genesis, Pink Floyd, Public Enemy, Yes, J.S. Bach and Vivaldi.",1
"Influences of Starset include Hans Zimmer, Nine Inch Nails, Sigur Ros, Thirty Seconds to Mars, Deftones, Linkin Park and Breaking Benjamin.",1
"The band's major influences stemmed from late 1970s punk acts like the Ramones, the Germs, the Sex Pistols and the Clash, along with such early 1980s American hardcore bands as Black Flag, Minor Threat, and the Circle Jerks.",1
"Unlike many other hardcore bands of the era, they also acknowledged proto-punk bands like the New York Dolls, MC5 and Iggy Pop.",1
"Suicidal Tendencies have been influenced by a variety of genres, including punk rock, speed metal, hardcore punk, surf music, heavy metal and reggae, such as Jimi Hendrix, the Ramones, the Sex Pistols, the Beatles, Led Zeppelin, Pink Floyd, Rush, Black Flag, the Germs, Dick Dale, Black Sabbath, the Circle Jerks, T.S.O.L., the Who, the Middle Class, the Simpletones, China White, the Hated, Motörhead, the Plugz, the Big Boys, War, Bob Marley and Frank Zappa.",1
"Various artists have expressed their admiration for Suicidal Tendencies or have cited them as an influence, including Anthrax, Biohazard, Children of Bodom, Death By Stereo, Dub War, Green Day, Jane's Addiction, Incubus, Killswitch Engage, Korn, Limp Bizkit, Megadeth, Metallica, MxPx, NOFX, The Offspring, P.O.D., Pantera, Papa Roach, Pennywise, Rage Against the Machine, Sepultura, Sevendust, Slayer, Slipknot, Soulfly, Staind, System of a Down, Terror and Hank Williams III.",1
"In numerous interviews, the group has cited many of these groups that had a direct or peripheral influence on their sound, including Freestyle Fellowship, The Pharcyde, Jurassic 5, The Beatnuts, and many others. ",1
"The band has cited The Beatles, Fall Out Boy, The Rolling Stones, Michael Jackson, Bruce Springsteen, Elvis Presley, The Beach Boys, INXS, Jimi Hendrix, Led Zeppelin, Prince and Queen as big musical influences.",1
Joe Perry stated that the band was the first group to remind him of Led Zeppelin.,1
"Blink-182, Fall Out Boy, Weezer, Bowling for Soup, New Found Glory, and Fountains of Wayne have served as some of the main influences for the band.",1
"The Exploited's influences include Sex Pistols, the Vibrators, the Threats, and Johnny Moped.",1
"In 2005, Tim de Lisle of The Guardian argued that Roxy Music are the second most influential British band after The Beatles.",1
The Beatles were fans and socialised with Moon in particular during the mid-1960s.,1
"Steve Harris, Iron Maiden's bassist and primary songwriter, has stated that his influences include Black Sabbath, Deep Purple, Led Zeppelin, Uriah Heep, Pink Floyd, Genesis, Yes, Jethro Tull, Thin Lizzy, UFO, Queen and Wishbone Ash.",1
"In 2010 Harris stated, I think if anyone wants to understand Maiden's early thing, in particular the harmony guitars, all they have to do is listen to Wishbone Ash's Argus album.",1
"Thin Lizzy too, but not as much.",1
"And then we wanted to have a bit of a prog thing thrown in as well, because I was really into bands like Genesis and Jethro Tull.",1
"In 2004, Harris explained that the band's heaviness was inspired by Black Sabbath and Deep Purple with a bit of Zeppelin thrown in.",1
"Queen drew artistic influence from British rock acts of the 1960s and early 1970s, such as the Beatles, the Kinks, Cream, Led Zeppelin, Pink Floyd, the Who, Black Sabbath, Slade, Deep Purple, David Bowie, Genesis and Yes, in addition to American guitarist Jimi Hendrix, with Mercury also inspired by the rock and roll singer Elvis Presley and the gospel singer Aretha Franklin.",1
"their outset in the early 1970s, Queen's music has been characterised as Led Zeppelin meets Yes due to its combination of acoustic/electric guitar extremes and fantasy-inspired multi-part song epics.",1
"Although Mercury stated Robert Plant as his favourite singer and Led Zeppelin as the greatest rock band, he also said Queen have more in common with Liza Minnelli than Led Zeppelin.",1
"Drawing inspiration from early industrial and noise groups like Throbbing Gristle and Whitehouse, as well as from ambient musician Brian Eno, noise rock band Swans, post-punk innovators Killing Joke, fellow Birmingham heavy metal band Black Sabbath and a wide range of hip hop artists like Public Enemy, Eric B. & Rakim and Run-DMC, Godflesh were among the pioneers of both industrial metal and post-metal and are considered a significant experimental metal and extreme metal band.",1
"They consider Godflesh to be a continuation of post-punk, specifically in regard to furthering Killing Joke's sound.",1
"After Sin used a combination of double bass drum (or double kick) and rapid 16th-note bass rhythms combined with rapid 16th-note guitar rhythms used by Black Sabbath, Venom, and Motörhead that came to define the genre.  ",1
"/Inside Out was touted as a typical Britpop record, and was influenced by the Libertines, Thin Lizzy, the Police and containing elements of the 60s British pop movement.",1
"Critics drew comparisons to the work of The Kinks throughout the album, it being recorded at the studio owned by Ray Davies.",1
"Its debut album was strongly influenced by British blues-based hard rock: an amalgam of sounds and styles from such rock bands as Black Sabbath, the Who, Cream, and Led Zeppelin.",1
"He was influenced at a young age by the 1970s progressive rock bands King Crimson, Yes, Genesis, Camel, P.F.M., Hawkwind, and Gracious, and by heavy metal bands such as Iron Maiden, Slayer, Death, Black Sabbath, Deep Purple, Celtic Frost, King Diamond, Morbid Angel, Voivod, and, most importantly, Judas Priest.",1
"In 2013, Jack White's Third Man Records teamed up with Document Records to issue The Complete Recorded Works in Chronological Order of Charley Patton, Blind Willie McTell and the Mississippi Sheiks.",1
"Additionally, the Bomb Squad and Public Enemy has had a large impact on his musical style. ",1
He cited Tony Iommi of Black Sabbath as one of his biggest influences as a riff writer.,1
"Later, his musical style and politics were greatly influenced by punk rock bands like the Clash, the Sex Pistols, and Devo, and artists such as Bruce Springsteen and Bob Dylan.",1
"The sound on their second album, Infamous, was said to have resembled Marilyn Manson's by Alternative Press, Revolver and Kerrang!.The band members themselves",1
"have stated that they are influenced from a wide variety of artists such as AFI, Aiden,",1
"As I Lay Dying,  Atreyu, August Burns Red, Avenged Sevenfold, Bauhaus, The Black Dahlia Murder, Bleeding Through, Christian Death, Cradle of Filth, The Cure, Danzig, Depeche Mode, Eighteen Visions, Every Time I Die, Gojira, HIM, Black Sabbath, Himsa, It Dies Today, KMFDM, Johnny Cash, Korn, Sex Pistols, Linkin Park, Marilyn Manson, Misfits, Metallica, Morrissey, Nine Inch Nails, Underoath, Psyclon Nine, Rammstein, Rob Zombie, Slipknot, The Sisters of Mercy, The Smiths, Suicide Commando, System of a Down, The Prodigy, and Paradise Lost.",1
"Some of their original compositions tend towards a psychedelic rock fusion, with more progressive, jazz and funk elements than the Grateful Dead and other earlier jam bands.",1
"Their more ambitious, epic compositions (such as You Enjoy Myself and Guyute) are often said to resemble classical music in a rock setting, much like the music of one of their heroes, Frank Zappa. ",1
"In the 1990s, Phish were often compared to the Grateful Dead, a comparison that the band members often resisted or distanced themselves from.",1
"Early in their career, Phish would occasionally cover Grateful Dead songs in concert, but the band stopped doing so by the late 1980s.",1
"In Phish: The Biography, Parke Puterbaugh observed The bottom line is while it's impossible to imagine Phish without the Grateful Dead as forebears, many other musicians figured as influences upon them.",1
Some of them - such as Carlos Santana and Frank Zappa - were arguably at least as significant as the Grateful Dead.,1
"In reality, the media certainly overplayed the Grateful Dead connection and Phish probably underplayed it, at least in their first decade.",1
" Anastasio has also cited progressive rock artists such as King Crimson and Genesis as significant influences on Phish's early material; In a 2019 New York Times interview, he observed, If you listen to the first couple of Phish albums, they don’t sound anything like the Grateful Dead.",1
"As far as the approach, it's probably most similar to Vheissu in that we were trying to pull from a very wide variety of influencesSome of Thrice's influences include Deftones, At the Drive",1
"-In, Bad Religion, Sunny Day Real Estate, and Jawbreaker.",1
"Social Distortion's music is influenced by bands and artists such as Johnny Cash, Hank Williams, Bob Dylan, Eddie Cochran, the Rolling Stones, the Sex Pistols, the Clash, New York Dolls, Dead Boys, and the Ramones.",1
"In March 1968, New York singer-songwriter Laura Nyro released her second album, Eli and the Thirteenth Confession.",1
"Alkaline Trio's influences include Social Distortion, Naked Raygun, Screeching Weasel, Pegboy, Ramones, Misfits, Green Day, the Clash, Jawbreaker, Buzzcocks, Sex Pistols, Joy Division, Bauhaus, the Cure, Ministry, NOFX, Front 242, and the Sisters of Mercy.",1
Musical style and influences Critic Jim DeRogatis describes Vedder's vocals as a Jim Morrison-like vocal growl.,1
"Greg Prato of AllMusic said, With his hard-hitting and often confessional lyrical style and Jim Morrison-esque baritone, Vedder also became one of the most copied lead singers in all of rock.",1
"Vedder has inducted the Doors, Neil Young, the Ramones, and R.E.M. into the Rock and Roll Hall of Fame, and in his induction speeches he has cited them all as influences.",1
"Other influences that Vedder has cited include Bruce Springsteen, John Mellencamp, Led Zeppelin, Aerosmith, U2, the Who, Pink Floyd, the Jackson 5, the Beatles, Frank Zappa, Tom Petty and the Heartbreakers, Elvis Costello, Talking Heads, Sonic Youth, Fugazi, Tom Waits, Huey Lewis, Bob Dylan, and the Pixies.",1
"McCready has cited Ace Frehley, BB King, Ronnie Montrose, Alex Lifeson, Muddy Waters, Michael Schenker, Jimi Hendrix, Pete Townshend, David Gilmour, George Harrison, Joe Perry, Stevie Ray Vaughan, Eddie Van Halen, Joe Satriani, Jeff Beck, Brian May, Angus Young, Ritchie Blackmore, Chuck Berry, Eric Clapton, Jimmy Page, Eddie Hazel, UFO, and Randy Rhoads among his influences.",1
"Members of Avenged Sevenfold cite In Flames, Metallica, Iron Maiden, Megadeth, Slayer, Elton John, Leonard Cohen, At the Gates, Helloween, Dream Theater, Pennywise, NOFX, Pantera, Def Leppard, Guns N'",1
"Branch has stated that her music has been influenced by The Beatles, Led Zeppelin, Jimi Hendrix, Aerosmith, Lisa Loeb, Joni Mitchell, Queen, Alanis Morissette, Jewel, Fleetwood Mac and Cat Stevens.",1
"Rapper Nas also said on MTV, “He scared me to death.",1
Drummer Benny Horowitz and guitarist Alex Rosamilia stated that We're more Bruce Springsteen appreciators.,1
"The band's influences include Descendents, Jawbreaker, All, Fugazi, Avail, the Ramones, and The Replacements.",1
"Bob Marley and associated Jamaican reggae acts The Wailers, and Peter Tosh feature prominently in Sublime's songs, as do other Jamaican reggae and dancehall acts such as Born Jamericans, Toots & the Maytals, The Melodians, Wayne Smith, Tenor Saw, Frankie Paul, The Wailing Souls, Barrington Levy, Half Pint and Yellowman.  ",1
"Sublime was also heavily influenced by the 1980s and 1990s hip-hop and rap scene of Los Angeles and New York City, alluding to or borrowing from such acts as N.W.A and Eazy-E (who died 14 months before Nowell), the Beastie Boys, Just-Ice, Public Enemy and Flavor Flav, KRS-One, Doug E. Fresh, Too $hort, Mobb Deep, as well as the Philadelphia-based rapper Steady B and Texas hip-hop",1
"Sublime was also influenced by Washington, DC hardcore acts such as Minor Threat, Fugazi (who were also thanked in the first album) and Bad Brains.",1
"The band also referenced popular California bands like Grateful Dead, The Doors, and Red Hot Chili Peppers, Swedish pop band ABBA.",1
"A few references are made to funk, R&B, and soul bands such as James Brown, the Ohio Players, Jimi Hendrix, Aswad, as well as a smattering of Irish, Scottish and English bands like Boomtown Rats, The Specials, and Primal Scream. ",1
"The band has cited artists and bands such as Pantera, Guns N' Roses, Marilyn Manson, Slayer, and Slipknot as their influences.",1
"In an interview, they stated We are big fans of Wendy O. Williams.",1
"While Heidi had said My heroes are Slipknot, Wendy O. Williams, Gwen Stefani, and Joan Jett.",1
"In an interview from the Rockstar Mayhem Festival, Shepherd stated that she is very influenced by Slipknot, while Harvey stated that she is heavily into old school metal such as Slayer and Iron Maiden, Klein's favorite band is Cannibal Corpse, and Flury's favorite is Meshuggah.",1
This attire is heavily influenced by Wendy O. Williams of the Plasmatics.,1
Shepherd stated in an interview that Wendy O. Williams was the first female in heavy metal.,1
"Of, the band pays tribute to many of their diverse influences, including Sepultura, Metallica, Blind Melon, Mötley Crüe, Queen, King Crimson, Soundgarden, Faith",1
"No More, Pantera, Pink Floyd, Depeche Mode, Earth Crisis, and The Smashing Pumpkins.",1
"MxPx's influences include Descendents, NOFX, Bad Religion, Rancid, Social Distortion, All, the Clash, the Dead Milkmen, The Who, Sex Pistols, Black Flag, and the Ramones.",1
"Lamb of God's influences include Pantera, The Accüsed, Septic Death, Drunk Injuns, The Faction, Black Sabbath, Obituary, Bolt Thrower, Corrosion of Conformity, Napalm Death, D.R.I., Machine Head, Shellac, At the Gates, Metallica, Testament, Slayer, Meshuggah, Megadeth, Aerosmith, and The Jesus Lizard.",1
"According to an interview with OurVinyl, Smith cited Isaac Brock of Modest Mouse as his favorite lyricist. ",1
"Former guitarist Scott Danough has said that he is influenced by metal and hardcore bands, like At The Gates, Slayer, Cradle of Filth, Integrity and Earth Crisis.",1
"In an interview, guitarist Brian Leppke added Cro-Mags, Entombed, Crowbar and Pantera as well to the list of influences.",1
"At the beginning, the main influences of The Fall of Troy were local bands from the Seattle area, including Botch, The Blood Brothers, Sunny Day Real Estate, Raft of Dead Monkeys and Unwed Sailor, in addition to the Texan post-hardcore act At the Drive-In.",1
The music performed by Flop was described by Michael Sutton of AllMusic as pure power pop and recalling the punk-fueled energy of the Jam and the Buzzcocks.,1
"The Music of Pete Townshend and The Who in 1994 at Carnegie Hall in New York, and performing a cover of My Generation on the Brutal Planet tour of 2000.",1
"All-Stars, Fishbone, Metallica, Black Sabbath, Van Halen and Sepultura, Puya's music draws from diverse styles, including salsa, Cuban rumba, bomba, alternative rock, hard rock, blues rock, heavy metal, jazz and progressive rock.",1
" Deftones, Iron Maiden and The Get Up Kids have been said to be their primary influences.",1
Billy Corgan of the Smashing Pumpkins sang T. Rex's Telegram Sam and,1
"AllMusic's review of Goblin's soundtrack for Deep Red describes the score as an ambitious affair that blends jazz, prog rock, and heavy metal into an effective and totally distinctive style and the track Deep Shadows as a frenetic slice of King Crimson-style jazz-rock.",1
"Influences cited by Goblin include Yes, Genesis, King Crimson, Gentle Giant and Emerson, Lake & Palmer.",1
"They were often compared unfavourably by critics during the Fish era with the Peter Gabriel era of Genesis, although the band had many other influences.",1
"Fish was influenced by a wide range of artists and his favourite albums were by artists such as Van der Graaf Generator, Joni Mitchell, the Who, Pink Floyd, John Martyn,",1
"Yes, Lowell George, Led Zeppelin, Roy Harper, the Faces, the Beatles and Supertramp.",1
"Kelly's biggest inspiration was Yes keyboardist Rick Wakeman, and Trewavas' favourite bass player was Paul McCartney.",1
"In 2016, Hogarth himself was quoted as describing the band: If Pink Floyd and Radiohead had a love child that was in touch with their feminine side, they would be us.",1
"Bullet for My Valentine's influences include Judas Priest, Def Leppard, Mötley Crüe, Pantera, Iron Maiden, Metallica, Testament, Stuck Mojo, Megadeth, Slayer, Machine Head, Sepultura, Nirvana, Guns N' Roses, Queen, Led Zeppelin, and Dire Straits.  ",1
"The band have cited acts that were heavily influential to black metal such as Bathory, Celtic Frost and Mercyful Fate among their influences, but Dani Filth, in a 1998 interview for BBC Radio 5 for example, said I use the term 'heavy metal', rather than 'black metal', because I think that's a bit of a fad now.",1
"They are audibly influenced by Iron Maiden, have collaborated on projects like Christian Death's Born Again Anti-Christian album (on the track Peek-a-Boo) and have even dabbled outside of metal music with dance remixes – such as Twisting Further Nails, Pervert's Church and Forgive Me Father",1
"Bowie was a pioneer of glam rock, according to music historians Schinder and Schwartz, who credited Marc Bolan and Bowie with creating the genre.",1
"Their sound has been described as being reminiscent of Blink-182, New Found Glory, The Wonder Years, Green Day, and the Descendents.",1
The early Fall Out Boy work and Sum 41 have also been cited as influences.,1
"Evile's sound is primarily influenced by classic thrash metal, citing bands such as Overkill, Metallica, Megadeth, Slayer, Exodus, Testament, Annihilator, Nevermore, Pantera, and Sepultura, though they are also influenced by death metal bands like Obituary.",1
"Allen's list of important records as of 1995 included De La Soul's 3 Feet High and Rising, Massive Attack's Blue Lines and anything from Nick Cave and The Fall.",1
"CL cites 1TYM leader Teddy Park, who produced much of 2NE1's music, as an influence and inspiration, as well as Madonna, Queen, and Lauryn Hill.",1
"has also revealed her appreciation of new wave music, saying that My Superman is an interpolation of a Siouxsie and the Banshees' song, Red Light.",1
"Mayer Hawthorne is influenced by the music of Curtis Mayfield, Isaac Hayes, Leroy Hutson, Mike Terry, Barry White, Smokey Robinson and the legendary songwriting and production trio of Lamont Dozier, Brian Holland, and Edward Holland, Jr.",1
"He credited jazz pioneer Buddy Bolden as an early influence, and in turn was a major influence on numerous younger cornet/trumpet players in New Orleans and Chicago, including Tommy Ladnier, Paul Mares, Muggsy Spanier, Johnny Wiggs, Frank Guarente and, the most famous of all, Armstrong.",1
"Musical style and influences Smith respected and was inspired by many artists and styles, including The Beatles, Big Star, The Clash, The Who, Led Zeppelin, The Kinks, Pink Floyd, Rush, Elvis Costello, Oasis, Television, Motown and flamenco records, AC/DC, Hank Williams, and Scorpions",1
"Smith mentioned his admiration for Bob Dylan in several interviews, citing him as an early influence.",1
"Smith has also been compared to folk singer Nick Drake, due to his fingerpicking style and vocals.",1
"Smith was a dedicated fan of The Beatles (as well as their solo projects), once noting that he had been listening to them frequently since he was about four years old and also claimed that hearing The White Album was his original inspiration to become a musician.",1
"She has received comparisons to Amy Winehouse, Lauryn Hill, Macy Gray, Chrisette Michele, Marsha Ambrosius and Jill Scott.",1
Other musical influences cited by Goldings include the Wes Montgomery records featuring Mel Rhyne and Jimmy Smith; Shirley Scott; Chester Thompson; Joe Zawinul; and Jack McDuff.  ,1
"In turn Maurice Ravel was impressed with Gershwin's abilities, commenting, Personally I find jazz most interesting: the rhythms, the way the melodies are handled, the melodies themselves.",1
"(Some versions of this story feature Igor Stravinsky rather than Ravel as the composer; however Stravinsky confirmed that he originally heard the story from Ravel.)Gershwin's own Concerto in F was criticized for being related to the work of Claude Debussy, more so than to the expected jazz style.",1
"from the French influence, Gershwin was intrigued by the works of Alban Berg, Dmitri Shostakovich, Igor Stravinsky, Darius Milhaud, and Arnold Schoenberg.",1
(This quote is similar to one credited to Maurice Ravel during Gershwin's 1928 visit to France –,1
"Early influences McCartney's earliest musical influences include Elvis Presley, Little Richard, Buddy Holly, Carl Perkins, and Chuck Berry.",1
"McCartney called Little Richard an idol, whose falsetto vocalisations inspired McCartney's own vocal technique.",1
McCartney said he wrote I'm Down as a vehicle for his Little Richard impersonation.,1
"In 1971, McCartney bought the publishing rights to Holly's catalogue, and in 1976, on the fortieth anniversary of Holly's birth, McCartney inaugurated the annual Buddy Holly Week in England.",1
"His musical influences include Michael Jackson, Luther Vandross, R. Kelly, Babyface, Blackstreet and Usher.",1
She has credited Beyoncé as an influence and Missy Elliott as the female rapper who she is influenced by and admires the most.,1
"His influences include N.W.A, Beastie Boys, Cypress Hill, Ice-T, Gang Starr, Johnny Cash, Bob Dylan, Tom Petty, The Rolling Stones, Bruce Springsteen, Neil Young, and Run–D.M.C.",1
"She was given Greatest Hits by Björk, whom she was unfamiliar with at the time.",1
She now cites Björk as a major influence and her favourite musician.,1
I'm rooting for Björk.,1
"In her later teenage years, she became a fan of American indie rock bands including Pixies, Television and Slint (whom she reached out to when the band included a message in the inside sleeve of Spiderland saying interested female vocalists write 1864 Douglas Blvd.",1
"Though not as many critics have suspected, Patti Smith; a frequent comparison that Harvey dismisses as lazy journalism.",1
"Author Maureen Mahon states: In the 1980s, Whitney Houston, Michael Jackson, Janet Jackson, and Prince were among the African American artists who crossed over ...",1
"Townshend's roommate at Ealing Art College, Tom Wright, had a large record collection, and Townshend listened to and became influenced by R&B and rock & roll artists like Howlin' Wolf, John Lee Hooker, Bo Diddley, Booker T. & the MGs, Little Walter, and Chuck Berry.",1
"She has also cited artists such as Madonna, Lana Del Rey, Dolly Parton, Timbaland, Joan Jett, Lil Kim, Shania Twain, Hanson, OneRepublic and Britney Spears as influences.",1
"Hatfield's musical influences are diverse, ranging from punk groups like X, The Stooges, and The Replacements to more folk-oriented rock artists like Neil Young, whose songs the Blake Babies frequently covered in live shows.  ",1
"Her work has also cross-fertilized with some other contemporaneous indie rock bands such as Dinosaur Jr. and Lemonheads, whose musicians are also friends of Hatfield's.  ",1
"He has cited Igor Stravinsky, Aaron Copland, Miklós Rózsa, Bernard Herrmann, Béla Bartók, and Alban Berg, among others, as some of the main influences to his style of composition.",1
Some of his biggest influences and favorite songwriters are local musicians David Dondero and Simon Joyner.,1
"Fat Tony has cited Ramones, Prince, Michael Jackson, Black Flag, Bad Brains, Morrissey, the Smiths, E-40, Jay-Z, Nas, the Notorious B.I.G., Tupac Shakur, UGK, Outkast, DJ Screw, Three 6 Mafia, Mac Dre, Too Short, Aaliyah, R. Kelly, My Bloody Valentine, Nirvana, Rick Rubin, Beastie Boys, Scarface, Devin the Dude, Kilo Ali, Ice Cube, Snoop Dogg, Mannie Fresh, Bikini Kill, Lil B, A Tribe Called Quest, and De La Soul as his music heroes.",1
"Lil Jon was specifically influenced by 2 Live Crew, 8Ball & MJG, Three 6 Mafia, OutKast, Geto Boys, UGK, N.W.A, Dr. Dre, and Sir Mix-A-Lot.",1
"He was seen on VH1's 100 Greatest Artists of All-Time program wearing a Bad Brains T-shirt, and he used to listen to Lynyrd Skynyrd while growing up in the South in the 1970s.",1
"Cole has cited several hip-hop artists as influencing his rapping style, including Tupac Shakur, Jay Z, Eminem, Nas, and Andre 3000.",1
" Cole drew comparisons to Nas following the release of Friday Night Lights, stating that Nas served as the primary inspiration behind the creation of the mixtape.",1
"Cole later addressed their musical similarities on Let Nas Down, a song written and composed due to his disparaging comments towards Work Out.",1
"As a response to this record, Nas came out with the song Made Nas Proud shortly after.",1
"In 2014, in an interview with Angie Martinez, Cole listed Tupac, The Notorious B.I.G., Nas and Jay Z as his top four rappers of all time, with André 3000 and Eminem being a toss-up for fifth.",1
"Her style has been compared to Janet Jackson, Aaliyah, and James Blake.",1
"She considers Britney Spears, Michael Jackson, Janet Jackson, Sade, Christina Aguilera, James Blake, the xx, and SBTRKT as significant influences on her. ",1
"I think that [Michael Jackson, Janet Jackson, Christina Aguilera, and Sade] are all iconic in some type of way.",1
"M.I.A.'s music features styles such as electro, reggae, rhythm and blues, alternative rock, hip hop, grime, rap ballads and Asian folk and references to her musical influences such as Missy Elliott, Tamil film music, Lou Reed, the Pixies, Timbaland, the Beastie Boys and London Posse.",1
" Chesnutt has cited Merle Haggard, Hank Williams, and Elvis Presley as major influences of his.",1
It was there that a friend played Smither the Lightnin' Hopkins' record Blues in My Bottle.,1
"After one year in Mexico, Smither returned to New Orleans where he attended Tulane for one year and discovered Mississippi John Hurt's music through the Blues at Newport 1963 album on Vanguard Records.",1
"While in New York, he stopped at The Gaslight Cafe to see his hero, Mississippi John Hurt.",1
"At the age of thirteen, after having purchased his first guitar and begun taking his first lessons from fellow New York native Joe Satriani, Vai became obsessed with the discipline of practice.",1
"During his employment by Frank Zappa, Vai transcribed and played very rhythmically complex music, believing that if started slow and perfected, any piece of music could be played.",1
"During the period of time that the album was recorded, Vai was heavily influenced by his previous tenure in Frank Zappa's band.",1
"Aaliyah was honored at the 2001 MTV Video Music Awards by Janet Jackson, Missy Elliott, Timbaland, Ginuwine and her brother, Rashad, who all paid tribute to her.",1
Emil Wilbekin mentioned the deaths of The Notorious B.I.G. and Tupac Shakur in conjunction with hers and added: Her just-released third album and scheduled role in a sequel to The Matrix could have made her another Janet Jackson or Whitney Houston.,1
"And upon his ideals, and knowing help was needed, he gave to companions Thelonious Monk and Bud Powell and many others....",1
"Got a stack of records when I was one, listened to Hank Williams and Faron Young. ",1
"Thelonious Monk, James Brown, and Rahsaan Roland Kirk.",1
"She has listed Christina Aguilera, Jessica Simpson, Bobbie Gentry, Janis Joplin, Shelby Lynne, and Shania Twain as her musical influences.",1
"Brown has cited a number of artists as his inspiration, predominantly Michael Jackson.",1
Brown emphasizes Michael Jackson is the reason why I do music and why I am an entertainer.,1
Britini Danielle asserted that the song was reminiscent of Michael Jackson’s Off the Wall.,1
Usher is also another influence who comes across as a more contemporary figure for Brown.,1
"I know that we, in the dancing and singing world, looked up to him, and maintains If it wasn't for Usher, then Chris Brown couldn't exist.",1
"Other influences include Marvin Gaye, New Edition and R. Kelly.",1
as something Michael Jackson would have created if he still had the old Thriller magic.,1
"Here I Stand was noted as more ballad-heavy by critics, where the title track's usage of jazz notably drew comparisons to Stevie Wonder.",1
"Styles' debut album was influenced by the music he grew up listening to, such as Pink Floyd, The Rolling Stones, The Beatles and Fleetwood Mac, as well as the songwriting of Harry Nilsson.",1
"Upon listening to Pink Floyd's 1973 album The Dark Side of the Moon as a child, he said he couldn't really get it, but I just remember being like – this is really fucking cool.",1
"He also cited Freddie Mercury, Elvis Presley, David Bowie and Paul McCartney as influences, while mentioning Shania Twain as his main inspiration both musically and in fashion.",1
"Christian's solos are frequently described as horn-like, and  in that sense he was more influenced by horn players such as Lester Young and Herschel Evans than by early acoustic guitarists like Eddie Lang and the jazz- and",1
"bluesman Lonnie Johnson, although they both had contributed to the expansion of the guitar's role from the rhythm section to a solo instrument.",1
"By 1939 there had already been electric guitar soloists—Leonard Ware; George Barnes; Eddie Durham, who had recorded with Count Basie; Floyd Smith, who recorded Floyd's Guitar Blues with Andy Kirk in March 1939, using an amplified lap steel guitar; and the Texas Swing pioneer Eldon Shamblin, who was playing with Bob Wills.",1
He and his mother used to play records by Donny Hathaway and Marvin Gaye who became inspirations for young Robert.,1
 Kelly was heavily influenced by Marvin Gaye's R&B Lothario image.,1
"If Marvin Gaye did it, I wanted to do it, Kelly said.",1
"The Guardian has noted some of her influences as: Michael Jackson, Janet Jackson, Prince, Outkast, Erykah Badu, James Brown, Grace Jones, Stevie Wonder, David Bowie, Jimi Hendrix, Bernard Herrmann, Funkadelic and the Incredible String Band.",1
"Her influences were Madonna and Olivia Newton-John, though she has often stated she admires Elton John and Billy Joel as favorite artists and was asked to sing and perform live with both at the former's Madison Square Garden concert, which she did.",1
"Her work has been compared to that of Tricky as well as Kate Bush, Janet Jackson, The xx, and Massive Attack, while Slate described her work as distinctive in a way that rises above her influences.",1
"His style pays homage to the Detroit-based sound of early techno, but Bukem also incorporates still earlier influences, particularly the mellow, melodic sonorities of 1970s era jazz fusion as exemplified by Lonnie Liston Smith and Roy Ayers.",1
"She cites Dolly Parton, with whom she has since collaborated a number of times, as a major influence.",1
"Her work has been compared to that of The Cox Family, Bill Monroe, and Del McCoury, and has in turn been credited with influencing various Newgrass artists including Nickel Creek, for which she acted as record producer on two of their albums.",1
"Marx includes The Eagles, Bryan Adams, Luther Vandross, John Farnham, Billy Joel, Rod Stewart, Earth, Wind & Fire, and Gladys Knight in his list of favourites.",1
"Bergman cited Earl Hines, Bud Powell, and Lennie Tristano as formative influences, although his own style was based on free improvisation rather than song form.",1
"Turner's sound is reminiscent of that of Warne Marsh, but he also has elements of John Coltrane in his playing.",1
"Lewis, who was significantly influenced by the arranging style and carriage of Count Basie, played with a tone quality that made listeners and critics feel as though every note was deliberate.",1
"Satriani was influenced by Jimi Hendrix, English rock guitarists such as Brian May, Eric Clapton, Jimmy Page, Ritchie Blackmore, and Jeff Beck, as well as jazz fusion guitarist Allan Holdsworth.",1
"His biggest influences as a guitarist were Leslie West, Ritchie Blackmore, Michael Schenker, Gary Moore, Charlie Christian, and John Williams.",1
"DJ Cheese, Grandmaster Flash, Kool Herc, Afrika Bambaataa.",1
"Cobain expressed a particular fondness for John Lennon, whom he called his idol in his posthumously released journals, and he admitted that he wrote the song About a Girl, from Nirvana's 1989 debut album Bleach, after spending three hours listening to Meet the Beatles!.Cobain was also a fan of 1970s hard rock and heavy metal bands, including Led Zeppelin, AC/DC, Black Sabbath, Aerosmith, Queen, and Kiss.",1
"He was introduced to 1980s American hardcore bands like Black Flag, Bad Brains, Millions of Dead Cops and Flipper by Buzz Osborne, lead singer and guitarist of the Melvins and fellow Aberdeen native.",1
"The Melvins themselves were an important early musical influence on Cobain, with their heavy, grungey sound mimicked by Nirvana on many songs from Bleach. ",1
"In a 1992 interview with Melody Maker, Cobain said that hearing their 1988 debut album, Surfer Rosa, convinced him to abandon his more Black Flag-influenced songwriting in favor of the Iggy Pop/Aerosmith–type songwriting that appeared on Nevermind.",1
"After attaining mainstream success, Cobain became a devoted champion of lesser known indie bands, covering songs by The Vaselines, Meat Puppets, Wipers and Fang onstage and/or in the studio, wearing Daniel Johnston T-shirts during photo shoots, having the K Records logo tattooed on his forearm, and enlisting bands like Butthole Surfers, Shonen Knife, Chokebore and Half Japanese along for the In Utero tour in late 1993 and early 1994.",1
"Cobain even invited his favorite musicians to perform with him: ex-Germs guitarist Pat Smear joined the band in 1993, and the Meat Puppets appeared onstage during Nirvana's 1993 MTV Unplugged appearance to perform three songs from their second album, Meat Puppets II. ",1
" Wolfe's music pulls from the brooding poeticism of Leonard Cohen, the tender intimacy of Elliott Smith and occasionally veers into Americana and grunge territory.",1
"influences include: Donny Hathaway’s vocals, James Brown’s sass, Nina Simone’s soul, Tom Waits’ grit, Leonard Cohen's words, Stevie Wonder's melodies, Brian Wilson's harmonies, Otis Redding's feeling, The Beatles’ versatility, John Lennon's honesty, Rick Rubin's production and Elliott Smith's everything.",1
"Your Old Droog has been extensively compared to fellow New York rapper Nas, to the point of theories being developed that his debut EP was actually recorded by Nas under an alter ego.  ",1
"Droog has appreciated the comparison and deemed it a compliment; he also named Big Daddy Kane, Big L, and Kool G Rap as influences, as well as Beanie Sigel, Freeway, Cassidy, and Lloyd Banks.  ",1
"She is often compared to artists such as Regina Spektor, Fiona Apple and Billy Joel, due to her vocal ability and incorporation of piano into her music. ",1
"Tina Turner credits Tharpe, along with Mahalia Jackson, as an early musical influence.",1
"Musical style and influences Grey has listed Bon Iver, Fleetwood Mac, James Taylor, Shirley Manson of Garbage, Joni Mitchell, Radiohead, Marilyn Manson, Bob Dylan, Fiona Apple, Neil Young, Sarah McLachlan, Eminem, Death Cab for Cutie and Alana Davis as her influences.",1
"Jimmie Rodgers, Bob Wills, Hank Williams Sr., and Johnny Cash are the only other performers honored in all three.",1
"In the past she mentioned Burzum as an influence, but later said that she considers Burzum's political views as too extreme.",1
"'According to Interview, the lovelorn facets of Myers' dark, intimate music might evoke Sinéad O'Connor or Fiona Apple, but there are also moments of tumult and menace that trace back to her teenage fascination with grunge bands such as Nirvana and Alice In Chains.",1
"Mendes has cited John Mayer, Ed Sheeran, Justin Timberlake, and Bruno Mars as his main musical influences.  ",1
"Growing up, Mendes listened to reggae music, Led Zeppelin, Garth Brooks, and country music thanks to his parents.",1
Leon Botstein claims the music of Franz Liszt and Richard Wagner also left their imprints on Tchaikovsky's orchestral style.,1
"At the Berklee College of Music in the 1970s, she listened to jazz guitarists Charlie Christian, Wes Montgomery, Herb Ellis, Pat Martino, and Joe Pass.",1
He also acknowledged Kraftwerk as one of the influences on his music.,1
"He studied the music of pre-classical composers, including Giovanni Gabrieli, Johann Adolph Hasse, Heinrich Schütz, Domenico Scarlatti, George Frideric Handel, and, especially, Johann Sebastian Bach.",1
"During his stay in Vienna in 1862–63, Brahms became particularly interested in the music of Franz Schubert.",1
"In a 2015 interview, he cited The Electrifying Mojo, Prince, Kraftwerk, Juan Atkins, and Jeff Mills as the major influences on his music.",1
